,symboling,normalized-losses,make,num-of-doors,body-style,drive-wheels,engine-location,wheel-base,length,width,height,curb-weight,engine-type,num-of-cylinders,engine-size,fuel-system,bore,stroke,compression-ratio,horsepower,peak-rpm,city-KMPL,highway-KMPL,price,horsepower-binned,diesel,gas,aspiration-std,aspiration-turbo
0,3,122.0,alfa-romero,two,convertible,rwd,front,88.6,168.8,64.1,48.8,2548,dohc,four,130,mpfi,3.47,2.68,9.0,111.0,5000.0,8.928571428571429,11.479591836734695,13495.0,low,0,1,1,0
1,3,122.0,alfa-romero,two,convertible,rwd,front,88.6,168.8,64.1,48.8,2548,dohc,four,130,mpfi,3.47,2.68,9.0,111.0,5000.0,8.928571428571429,11.479591836734695,16500.0,low,0,1,1,0
2,1,122.0,alfa-romero,two,hatchback,rwd,front,94.5,171.2,65.5,52.4,2823,ohcv,six,152,mpfi,2.68,3.47,9.0,154.0,5000.0,8.078231292517007,11.054421768707483,16500.0,medium,0,1,1,0
3,2,164.0,audi,four,sedan,fwd,front,99.8,176.6,66.2,54.3,2337,ohc,four,109,mpfi,3.19,3.4,10.0,102.0,5500.0,10.204081632653061,12.755102040816327,13950.0,low,0,1,1,0
4,2,164.0,audi,four,sedan,4wd,front,99.4,176.6,66.4,54.3,2824,ohc,five,136,mpfi,3.19,3.4,8.0,115.0,5500.0,7.653061224489797,9.35374149659864,17450.0,low,0,1,1,0
5,2,122.0,audi,two,sedan,fwd,front,99.8,177.3,66.3,53.1,2507,ohc,five,136,mpfi,3.19,3.4,8.5,110.0,5500.0,8.078231292517007,10.629251700680273,15250.0,low,0,1,1,0
6,1,158.0,audi,four,sedan,fwd,front,105.8,192.7,71.4,55.7,2844,ohc,five,136,mpfi,3.19,3.4,8.5,110.0,5500.0,8.078231292517007,10.629251700680273,17710.0,low,0,1,1,0
7,1,122.0,audi,four,wagon,fwd,front,105.8,192.7,71.4,55.7,2954,ohc,five,136,mpfi,3.19,3.4,8.5,110.0,5500.0,8.078231292517007,10.629251700680273,18920.0,low,0,1,1,0
8,1,158.0,audi,four,sedan,fwd,front,105.8,192.7,71.4,55.9,3086,ohc,five,131,mpfi,3.13,3.4,8.3,140.0,5500.0,7.227891156462586,8.503401360544219,23875.0,medium,0,1,0,1
9,2,192.0,bmw,two,sedan,rwd,front,101.2,176.8,64.8,54.3,2395,ohc,four,108,mpfi,3.5,2.8,8.8,101.0,5800.0,9.77891156462585,12.329931972789117,16430.0,low,0,1,1,0
10,0,192.0,bmw,four,sedan,rwd,front,101.2,176.8,64.8,54.3,2395,ohc,four,108,mpfi,3.5,2.8,8.8,101.0,5800.0,9.77891156462585,12.329931972789117,16925.0,low,0,1,1,0
11,0,188.0,bmw,two,sedan,rwd,front,101.2,176.8,64.8,54.3,2710,ohc,six,164,mpfi,3.31,3.19,9.0,121.0,4250.0,8.928571428571429,11.904761904761905,20970.0,medium,0,1,1,0
12,0,188.0,bmw,four,sedan,rwd,front,101.2,176.8,64.8,54.3,2765,ohc,six,164,mpfi,3.31,3.19,9.0,121.0,4250.0,8.928571428571429,11.904761904761905,21105.0,medium,0,1,1,0
13,1,122.0,bmw,four,sedan,rwd,front,103.5,189.0,66.9,55.7,3055,ohc,six,164,mpfi,3.31,3.19,9.0,121.0,4250.0,8.503401360544219,10.629251700680273,24565.0,medium,0,1,1,0
14,0,122.0,bmw,four,sedan,rwd,front,103.5,189.0,66.9,55.7,3230,ohc,six,209,mpfi,3.62,3.39,8.0,182.0,5400.0,6.802721088435375,9.35374149659864,30760.0,medium,0,1,1,0
15,0,122.0,bmw,two,sedan,rwd,front,103.5,193.8,67.9,53.7,3380,ohc,six,209,mpfi,3.62,3.39,8.0,182.0,5400.0,6.802721088435375,9.35374149659864,41315.0,medium,0,1,1,0
16,0,122.0,bmw,four,sedan,rwd,front,110.0,197.0,70.9,56.3,3505,ohc,six,209,mpfi,3.62,3.39,8.0,182.0,5400.0,6.377551020408164,8.503401360544219,36880.0,medium,0,1,1,0
17,2,121.0,chevrolet,two,hatchback,fwd,front,88.4,141.1,60.3,53.2,1488,l,three,61,2bbl,2.91,3.03,9.5,48.0,5100.0,19.982993197278912,22.53401360544218,5151.0,low,0,1,1,0
18,1,98.0,chevrolet,two,hatchback,fwd,front,94.5,155.9,63.6,52.0,1874,ohc,four,90,2bbl,3.03,3.11,9.6,70.0,5400.0,16.156462585034014,18.282312925170068,6295.0,low,0,1,1,0
19,0,81.0,chevrolet,four,sedan,fwd,front,94.5,158.8,63.6,52.0,1909,ohc,four,90,2bbl,3.03,3.11,9.6,70.0,5400.0,16.156462585034014,18.282312925170068,6575.0,low,0,1,1,0
20,1,118.0,dodge,two,hatchback,fwd,front,93.7,157.3,63.8,50.8,1876,ohc,four,90,2bbl,2.97,3.23,9.41,68.0,5500.0,15.731292517006803,17.431972789115648,5572.0,low,0,1,1,0
21,1,118.0,dodge,two,hatchback,fwd,front,93.7,157.3,63.8,50.8,1876,ohc,four,90,2bbl,2.97,3.23,9.4,68.0,5500.0,13.180272108843537,16.156462585034014,6377.0,low,0,1,1,0
22,1,118.0,dodge,two,hatchback,fwd,front,93.7,157.3,63.8,50.8,2128,ohc,four,98,mpfi,3.03,3.39,7.6,102.0,5500.0,10.204081632653061,12.755102040816327,7957.0,low,0,1,0,1
23,1,148.0,dodge,four,hatchback,fwd,front,93.7,157.3,63.8,50.6,1967,ohc,four,90,2bbl,2.97,3.23,9.4,68.0,5500.0,13.180272108843537,16.156462585034014,6229.0,low,0,1,1,0
24,1,148.0,dodge,four,sedan,fwd,front,93.7,157.3,63.8,50.6,1989,ohc,four,90,2bbl,2.97,3.23,9.4,68.0,5500.0,13.180272108843537,16.156462585034014,6692.0,low,0,1,1,0
25,1,148.0,dodge,four,sedan,fwd,front,93.7,157.3,63.8,50.6,1989,ohc,four,90,2bbl,2.97,3.23,9.4,68.0,5500.0,13.180272108843537,16.156462585034014,7609.0,low,0,1,1,0
26,1,148.0,dodge,four,sedan,fwd,front,93.7,157.3,63.8,50.6,2191,ohc,four,98,mpfi,3.03,3.39,7.6,102.0,5500.0,10.204081632653061,12.755102040816327,8558.0,low,0,1,0,1
27,-1,110.0,dodge,four,wagon,fwd,front,103.3,174.6,64.6,59.8,2535,ohc,four,122,2bbl,3.34,3.46,8.5,88.0,5000.0,10.204081632653061,12.755102040816327,8921.0,low,0,1,1,0
28,3,145.0,dodge,two,hatchback,fwd,front,95.9,173.2,66.3,50.2,2811,ohc,four,156,mfi,3.6,3.9,7.0,145.0,5000.0,8.078231292517007,10.204081632653061,12964.0,medium,0,1,0,1
29,2,137.0,honda,two,hatchback,fwd,front,86.6,144.6,63.9,50.8,1713,ohc,four,92,1bbl,2.91,3.41,9.6,58.0,4800.0,20.833333333333336,22.95918367346939,6479.0,low,0,1,1,0
30,2,137.0,honda,two,hatchback,fwd,front,86.6,144.6,63.9,50.8,1819,ohc,four,92,1bbl,2.91,3.41,9.2,76.0,6000.0,13.180272108843537,16.156462585034014,6855.0,low,0,1,1,0
31,1,101.0,honda,two,hatchback,fwd,front,93.7,150.0,64.0,52.6,1837,ohc,four,79,1bbl,2.91,3.07,10.1,60.0,5500.0,16.156462585034014,17.857142857142858,5399.0,low,0,1,1,0
32,1,101.0,honda,two,hatchback,fwd,front,93.7,150.0,64.0,52.6,1940,ohc,four,92,1bbl,2.91,3.41,9.2,76.0,6000.0,12.755102040816327,14.455782312925171,6529.0,low,0,1,1,0
33,1,101.0,honda,two,hatchback,fwd,front,93.7,150.0,64.0,52.6,1956,ohc,four,92,1bbl,2.91,3.41,9.2,76.0,6000.0,12.755102040816327,14.455782312925171,7129.0,low,0,1,1,0
34,0,110.0,honda,four,sedan,fwd,front,96.5,163.4,64.0,54.5,2010,ohc,four,92,1bbl,2.91,3.41,9.2,76.0,6000.0,12.755102040816327,14.455782312925171,7295.0,low,0,1,1,0
35,0,78.0,honda,four,wagon,fwd,front,96.5,157.1,63.9,58.3,2024,ohc,four,92,1bbl,2.92,3.41,9.2,76.0,6000.0,12.755102040816327,14.455782312925171,7295.0,low,0,1,1,0
36,0,106.0,honda,two,hatchback,fwd,front,96.5,167.5,65.2,53.3,2236,ohc,four,110,1bbl,3.15,3.58,9.0,86.0,5800.0,11.479591836734695,14.03061224489796,7895.0,low,0,1,1,0
37,0,106.0,honda,two,hatchback,fwd,front,96.5,167.5,65.2,53.3,2289,ohc,four,110,1bbl,3.15,3.58,9.0,86.0,5800.0,11.479591836734695,14.03061224489796,9095.0,low,0,1,1,0
38,0,85.0,honda,four,sedan,fwd,front,96.5,175.4,65.2,54.1,2304,ohc,four,110,1bbl,3.15,3.58,9.0,86.0,5800.0,11.479591836734695,14.03061224489796,8845.0,low,0,1,1,0
39,0,85.0,honda,four,sedan,fwd,front,96.5,175.4,62.5,54.1,2372,ohc,four,110,1bbl,3.15,3.58,9.0,86.0,5800.0,11.479591836734695,14.03061224489796,10295.0,low,0,1,1,0
40,0,85.0,honda,four,sedan,fwd,front,96.5,175.4,65.2,54.1,2465,ohc,four,110,mpfi,3.15,3.58,9.0,101.0,5800.0,10.204081632653061,11.904761904761905,12945.0,low,0,1,1,0
41,1,107.0,honda,two,sedan,fwd,front,96.5,169.1,66.0,51.0,2293,ohc,four,110,2bbl,3.15,3.58,9.1,100.0,5500.0,10.629251700680273,13.180272108843537,10345.0,low,0,1,1,0
42,0,122.0,isuzu,four,sedan,rwd,front,94.3,170.7,61.8,53.5,2337,ohc,four,111,2bbl,3.31,3.23,8.5,78.0,4800.0,10.204081632653061,12.329931972789117,6785.0,low,0,1,1,0
43,2,122.0,isuzu,two,hatchback,rwd,front,96.0,172.6,65.2,51.4,2734,ohc,four,119,spfi,3.43,3.23,9.2,90.0,5000.0,10.204081632653061,12.329931972789117,11048.0,low,0,1,1,0
44,0,145.0,jaguar,four,sedan,rwd,front,113.0,199.6,69.6,52.8,4066,dohc,six,258,mpfi,3.63,4.17,8.1,176.0,4750.0,6.377551020408164,8.078231292517007,32250.0,medium,0,1,1,0
45,0,122.0,jaguar,four,sedan,rwd,front,113.0,199.6,69.6,52.8,4066,dohc,six,258,mpfi,3.63,4.17,8.1,176.0,4750.0,6.377551020408164,8.078231292517007,35550.0,medium,0,1,1,0
46,0,122.0,jaguar,two,sedan,rwd,front,102.0,191.7,70.6,47.8,3950,ohcv,twelve,326,mpfi,3.54,2.76,11.5,262.0,5000.0,5.5272108843537415,7.227891156462586,36000.0,high,0,1,1,0
47,1,104.0,mazda,two,hatchback,fwd,front,93.1,159.1,64.2,54.1,1890,ohc,four,91,2bbl,3.03,3.15,9.0,68.0,5000.0,12.755102040816327,13.180272108843537,5195.0,low,0,1,1,0
48,1,104.0,mazda,two,hatchback,fwd,front,93.1,159.1,64.2,54.1,1900,ohc,four,91,2bbl,3.03,3.15,9.0,68.0,5000.0,13.180272108843537,16.156462585034014,6095.0,low,0,1,1,0
49,1,104.0,mazda,two,hatchback,fwd,front,93.1,159.1,64.2,54.1,1905,ohc,four,91,2bbl,3.03,3.15,9.0,68.0,5000.0,13.180272108843537,16.156462585034014,6795.0,low,0,1,1,0
50,1,113.0,mazda,four,sedan,fwd,front,93.1,166.8,64.2,54.1,1945,ohc,four,91,2bbl,3.03,3.15,9.0,68.0,5000.0,13.180272108843537,16.156462585034014,6695.0,low,0,1,1,0
51,1,113.0,mazda,four,sedan,fwd,front,93.1,166.8,64.2,54.1,1950,ohc,four,91,2bbl,3.08,3.15,9.0,68.0,5000.0,13.180272108843537,16.156462585034014,7395.0,low,0,1,1,0
52,3,150.0,mazda,two,hatchback,rwd,front,95.3,169.0,65.7,49.6,2380,rotor,two,70,4bbl,3.3297512437810957,3.2554228855721337,9.4,101.0,6000.0,7.227891156462586,9.77891156462585,10945.0,low,0,1,1,0
53,3,150.0,mazda,two,hatchback,rwd,front,95.3,169.0,65.7,49.6,2380,rotor,two,70,4bbl,3.3297512437810957,3.2554228855721337,9.4,101.0,6000.0,7.227891156462586,9.77891156462585,11845.0,low,0,1,1,0
54,3,150.0,mazda,two,hatchback,rwd,front,95.3,169.0,65.7,49.6,2385,rotor,two,70,4bbl,3.3297512437810957,3.2554228855721337,9.4,101.0,6000.0,7.227891156462586,9.77891156462585,13645.0,low,0,1,1,0
55,3,150.0,mazda,two,hatchback,rwd,front,95.3,169.0,65.7,49.6,2500,rotor,two,80,mpfi,3.3297512437810957,3.2554228855721337,9.4,135.0,6000.0,6.802721088435375,9.77891156462585,15645.0,medium,0,1,1,0
56,1,129.0,mazda,two,hatchback,fwd,front,98.8,177.8,66.5,53.7,2385,ohc,four,122,2bbl,3.39,3.39,8.6,84.0,4800.0,11.054421768707483,13.60544217687075,8845.0,low,0,1,1,0
57,0,115.0,mazda,four,sedan,fwd,front,98.8,177.8,66.5,55.5,2410,ohc,four,122,2bbl,3.39,3.39,8.6,84.0,4800.0,11.054421768707483,13.60544217687075,8495.0,low,0,1,1,0
58,1,129.0,mazda,two,hatchback,fwd,front,98.8,177.8,66.5,53.7,2385,ohc,four,122,2bbl,3.39,3.39,8.6,84.0,4800.0,11.054421768707483,13.60544217687075,10595.0,low,0,1,1,0
59,0,115.0,mazda,four,sedan,fwd,front,98.8,177.8,66.5,55.5,2410,ohc,four,122,2bbl,3.39,3.39,8.6,84.0,4800.0,11.054421768707483,13.60544217687075,10245.0,low,0,1,1,0
60,0,122.0,mazda,four,sedan,fwd,front,98.8,177.8,66.5,55.5,2443,ohc,four,122,idi,3.39,3.39,22.7,64.0,4650.0,15.306122448979593,17.857142857142858,10795.0,low,1,0,1,0
61,0,115.0,mazda,four,hatchback,fwd,front,98.8,177.8,66.5,55.5,2425,ohc,four,122,2bbl,3.39,3.39,8.6,84.0,4800.0,11.054421768707483,13.60544217687075,11245.0,low,0,1,1,0
62,0,118.0,mazda,four,sedan,rwd,front,104.9,175.0,66.1,54.4,2670,ohc,four,140,mpfi,3.76,3.16,8.0,120.0,5000.0,8.078231292517007,11.479591836734695,18280.0,medium,0,1,1,0
63,0,122.0,mazda,four,sedan,rwd,front,104.9,175.0,66.1,54.4,2700,ohc,four,134,idi,3.43,3.64,22.0,72.0,4200.0,13.180272108843537,16.581632653061224,18344.0,low,1,0,1,0
64,-1,93.0,mercedes-benz,four,sedan,rwd,front,110.0,190.9,70.3,56.5,3515,ohc,five,183,idi,3.58,3.64,21.5,123.0,4350.0,9.35374149659864,10.629251700680273,25552.0,medium,1,0,0,1
65,-1,93.0,mercedes-benz,four,wagon,rwd,front,110.0,190.9,70.3,58.7,3750,ohc,five,183,idi,3.58,3.64,21.5,123.0,4350.0,9.35374149659864,10.629251700680273,28248.0,medium,1,0,0,1
66,0,93.0,mercedes-benz,two,hardtop,rwd,front,106.7,187.5,70.3,54.9,3495,ohc,five,183,idi,3.58,3.64,21.5,123.0,4350.0,9.35374149659864,10.629251700680273,28176.0,medium,1,0,0,1
67,-1,93.0,mercedes-benz,four,sedan,rwd,front,115.6,202.6,71.7,56.3,3770,ohc,five,183,idi,3.58,3.64,21.5,123.0,4350.0,9.35374149659864,10.629251700680273,31600.0,medium,1,0,0,1
68,-1,122.0,mercedes-benz,four,sedan,rwd,front,115.6,202.6,71.7,56.5,3740,ohcv,eight,234,mpfi,3.46,3.1,8.3,155.0,4750.0,6.802721088435375,7.653061224489797,34184.0,medium,0,1,1,0
69,3,142.0,mercedes-benz,two,convertible,rwd,front,96.6,180.3,70.5,50.8,3685,ohcv,eight,234,mpfi,3.46,3.1,8.3,155.0,4750.0,6.802721088435375,7.653061224489797,35056.0,medium,0,1,1,0
70,0,122.0,mercedes-benz,four,sedan,rwd,front,120.9,208.1,71.7,56.7,3900,ohcv,eight,308,mpfi,3.8,3.35,8.0,184.0,4500.0,5.9523809523809526,6.802721088435375,40960.0,medium,0,1,1,0
71,1,122.0,mercedes-benz,two,hardtop,rwd,front,112.0,199.2,72.0,55.4,3715,ohcv,eight,304,mpfi,3.8,3.35,8.0,184.0,4500.0,5.9523809523809526,6.802721088435375,45400.0,medium,0,1,1,0
72,1,122.0,mercury,two,hatchback,rwd,front,102.7,178.4,68.0,54.8,2910,ohc,four,140,mpfi,3.78,3.12,8.0,175.0,5000.0,8.078231292517007,10.204081632653061,16503.0,medium,0,1,0,1
73,2,161.0,mitsubishi,two,hatchback,fwd,front,93.7,157.3,64.4,50.8,1918,ohc,four,92,2bbl,2.97,3.23,9.4,68.0,5500.0,15.731292517006803,17.431972789115648,5389.0,low,0,1,1,0
74,2,161.0,mitsubishi,two,hatchback,fwd,front,93.7,157.3,64.4,50.8,1944,ohc,four,92,2bbl,2.97,3.23,9.4,68.0,5500.0,13.180272108843537,16.156462585034014,6189.0,low,0,1,1,0
75,2,161.0,mitsubishi,two,hatchback,fwd,front,93.7,157.3,64.4,50.8,2004,ohc,four,92,2bbl,2.97,3.23,9.4,68.0,5500.0,13.180272108843537,16.156462585034014,6669.0,low,0,1,1,0
76,1,161.0,mitsubishi,two,hatchback,fwd,front,93.0,157.3,63.8,50.8,2145,ohc,four,98,spdi,3.03,3.39,7.6,102.0,5500.0,10.204081632653061,12.755102040816327,7689.0,low,0,1,0,1
77,3,153.0,mitsubishi,two,hatchback,fwd,front,96.3,173.0,65.4,49.4,2370,ohc,four,110,spdi,3.17,3.46,7.5,116.0,5500.0,9.77891156462585,12.755102040816327,9959.0,low,0,1,0,1
78,3,153.0,mitsubishi,two,hatchback,fwd,front,96.3,173.0,65.4,49.4,2328,ohc,four,122,2bbl,3.35,3.46,8.5,88.0,5000.0,10.629251700680273,13.60544217687075,8499.0,low,0,1,1,0
79,3,122.0,mitsubishi,two,hatchback,fwd,front,95.9,173.2,66.3,50.2,2833,ohc,four,156,spdi,3.58,3.86,7.0,145.0,5000.0,8.078231292517007,10.204081632653061,12629.0,medium,0,1,0,1
80,3,122.0,mitsubishi,two,hatchback,fwd,front,95.9,173.2,66.3,50.2,2921,ohc,four,156,spdi,3.59,3.86,7.0,145.0,5000.0,8.078231292517007,10.204081632653061,14869.0,medium,0,1,0,1
81,3,122.0,mitsubishi,two,hatchback,fwd,front,95.9,173.2,66.3,50.2,2926,ohc,four,156,spdi,3.59,3.86,7.0,145.0,5000.0,8.078231292517007,10.204081632653061,14489.0,medium,0,1,0,1
82,1,125.0,mitsubishi,four,sedan,fwd,front,96.3,172.4,65.4,51.6,2365,ohc,four,122,2bbl,3.35,3.46,8.5,88.0,5000.0,10.629251700680273,13.60544217687075,6989.0,low,0,1,1,0
83,1,125.0,mitsubishi,four,sedan,fwd,front,96.3,172.4,65.4,51.6,2405,ohc,four,122,2bbl,3.35,3.46,8.5,88.0,5000.0,10.629251700680273,13.60544217687075,8189.0,low,0,1,1,0
84,1,125.0,mitsubishi,four,sedan,fwd,front,96.3,172.4,65.4,51.6,2403,ohc,four,110,spdi,3.17,3.46,7.5,116.0,5500.0,9.77891156462585,12.755102040816327,9279.0,low,0,1,0,1
85,-1,137.0,mitsubishi,four,sedan,fwd,front,96.3,172.4,65.4,51.6,2403,ohc,four,110,spdi,3.17,3.46,7.5,116.0,5500.0,9.77891156462585,12.755102040816327,9279.0,low,0,1,1,0
86,1,128.0,nissan,two,sedan,fwd,front,94.5,165.3,63.8,54.5,1889,ohc,four,97,2bbl,3.15,3.29,9.4,69.0,5200.0,13.180272108843537,15.731292517006803,5499.0,low,0,1,1,0
87,1,128.0,nissan,two,sedan,fwd,front,94.5,165.3,63.8,54.5,2017,ohc,four,103,idi,2.99,3.47,21.9,55.0,4800.0,19.13265306122449,21.258503401360546,7099.0,low,1,0,1,0
88,1,128.0,nissan,two,sedan,fwd,front,94.5,165.3,63.8,54.5,1918,ohc,four,97,2bbl,3.15,3.29,9.4,69.0,5200.0,13.180272108843537,15.731292517006803,6649.0,low,0,1,1,0
89,1,122.0,nissan,four,sedan,fwd,front,94.5,165.3,63.8,54.5,1938,ohc,four,97,2bbl,3.15,3.29,9.4,69.0,5200.0,13.180272108843537,15.731292517006803,6849.0,low,0,1,1,0
90,1,103.0,nissan,four,wagon,fwd,front,94.5,170.2,63.8,53.5,2024,ohc,four,97,2bbl,3.15,3.29,9.4,69.0,5200.0,13.180272108843537,15.731292517006803,7349.0,low,0,1,1,0
91,1,128.0,nissan,two,sedan,fwd,front,94.5,165.3,63.8,54.5,1951,ohc,four,97,2bbl,3.15,3.29,9.4,69.0,5200.0,13.180272108843537,15.731292517006803,7299.0,low,0,1,1,0
92,1,128.0,nissan,two,hatchback,fwd,front,94.5,165.6,63.8,53.3,2028,ohc,four,97,2bbl,3.15,3.29,9.4,69.0,5200.0,13.180272108843537,15.731292517006803,7799.0,low,0,1,1,0
93,1,122.0,nissan,four,sedan,fwd,front,94.5,165.3,63.8,54.5,1971,ohc,four,97,2bbl,3.15,3.29,9.4,69.0,5200.0,13.180272108843537,15.731292517006803,7499.0,low,0,1,1,0
94,1,103.0,nissan,four,wagon,fwd,front,94.5,170.2,63.8,53.5,2037,ohc,four,97,2bbl,3.15,3.29,9.4,69.0,5200.0,13.180272108843537,15.731292517006803,7999.0,low,0,1,1,0
95,2,168.0,nissan,two,hardtop,fwd,front,95.1,162.4,63.8,53.3,2008,ohc,four,97,2bbl,3.15,3.29,9.4,69.0,5200.0,13.180272108843537,15.731292517006803,8249.0,low,0,1,1,0
96,0,106.0,nissan,four,hatchback,fwd,front,97.2,173.4,65.2,54.7,2324,ohc,four,120,2bbl,3.33,3.47,8.5,97.0,5200.0,11.479591836734695,14.455782312925171,8949.0,low,0,1,1,0
97,0,106.0,nissan,four,sedan,fwd,front,97.2,173.4,65.2,54.7,2302,ohc,four,120,2bbl,3.33,3.47,8.5,97.0,5200.0,11.479591836734695,14.455782312925171,9549.0,low,0,1,1,0
98,0,128.0,nissan,four,sedan,fwd,front,100.4,181.7,66.5,55.1,3095,ohcv,six,181,mpfi,3.43,3.27,9.0,152.0,5200.0,7.227891156462586,9.35374149659864,13499.0,medium,0,1,1,0
99,0,108.0,nissan,four,wagon,fwd,front,100.4,184.6,66.5,56.1,3296,ohcv,six,181,mpfi,3.43,3.27,9.0,152.0,5200.0,7.227891156462586,9.35374149659864,14399.0,medium,0,1,1,0
100,0,108.0,nissan,four,sedan,fwd,front,100.4,184.6,66.5,55.1,3060,ohcv,six,181,mpfi,3.43,3.27,9.0,152.0,5200.0,8.078231292517007,10.629251700680273,13499.0,medium,0,1,1,0
101,3,194.0,nissan,two,hatchback,rwd,front,91.3,170.7,67.9,49.7,3071,ohcv,six,181,mpfi,3.43,3.27,9.0,160.0,5200.0,8.078231292517007,10.629251700680273,17199.0,medium,0,1,1,0
102,3,194.0,nissan,two,hatchback,rwd,front,91.3,170.7,67.9,49.7,3139,ohcv,six,181,mpfi,3.43,3.27,7.8,200.0,5200.0,7.227891156462586,9.77891156462585,19699.0,high,0,1,0,1
103,1,231.0,nissan,two,hatchback,rwd,front,99.2,178.5,67.9,49.7,3139,ohcv,six,181,mpfi,3.43,3.27,9.0,160.0,5200.0,8.078231292517007,10.629251700680273,18399.0,medium,0,1,1,0
104,0,161.0,peugot,four,sedan,rwd,front,107.9,186.7,68.4,56.7,3020,l,four,120,mpfi,3.46,3.19,8.4,97.0,5000.0,8.078231292517007,10.204081632653061,11900.0,low,0,1,1,0
105,0,161.0,peugot,four,sedan,rwd,front,107.9,186.7,68.4,56.7,3197,l,four,152,idi,3.7,3.52,21.0,95.0,4150.0,11.904761904761905,14.03061224489796,13200.0,low,1,0,0,1
106,0,122.0,peugot,four,wagon,rwd,front,114.2,198.9,68.4,58.7,3230,l,four,120,mpfi,3.46,3.19,8.4,97.0,5000.0,8.078231292517007,10.204081632653061,12440.0,low,0,1,1,0
107,0,122.0,peugot,four,wagon,rwd,front,114.2,198.9,68.4,58.7,3430,l,four,152,idi,3.7,3.52,21.0,95.0,4150.0,10.629251700680273,10.629251700680273,13860.0,low,1,0,0,1
108,0,161.0,peugot,four,sedan,rwd,front,107.9,186.7,68.4,56.7,3075,l,four,120,mpfi,3.46,2.19,8.4,95.0,5000.0,8.078231292517007,10.204081632653061,15580.0,low,0,1,1,0
109,0,161.0,peugot,four,sedan,rwd,front,107.9,186.7,68.4,56.7,3252,l,four,152,idi,3.7,3.52,21.0,95.0,4150.0,11.904761904761905,14.03061224489796,16900.0,low,1,0,0,1
110,0,122.0,peugot,four,wagon,rwd,front,114.2,198.9,68.4,56.7,3285,l,four,120,mpfi,3.46,2.19,8.4,95.0,5000.0,8.078231292517007,10.204081632653061,16695.0,low,0,1,1,0
111,0,122.0,peugot,four,wagon,rwd,front,114.2,198.9,68.4,58.7,3485,l,four,152,idi,3.7,3.52,21.0,95.0,4150.0,10.629251700680273,10.629251700680273,17075.0,low,1,0,0,1
112,0,161.0,peugot,four,sedan,rwd,front,107.9,186.7,68.4,56.7,3075,l,four,120,mpfi,3.46,3.19,8.4,97.0,5000.0,8.078231292517007,10.204081632653061,16630.0,low,0,1,1,0
113,0,161.0,peugot,four,sedan,rwd,front,107.9,186.7,68.4,56.7,3252,l,four,152,idi,3.7,3.52,21.0,95.0,4150.0,11.904761904761905,14.03061224489796,17950.0,low,1,0,0,1
114,0,161.0,peugot,four,sedan,rwd,front,108.0,186.7,68.3,56.0,3130,l,four,134,mpfi,3.61,3.21,7.0,142.0,5600.0,7.653061224489797,10.204081632653061,18150.0,medium,0,1,0,1
115,1,119.0,plymouth,two,hatchback,fwd,front,93.7,157.3,63.8,50.8,1918,ohc,four,90,2bbl,2.97,3.23,9.4,68.0,5500.0,15.731292517006803,17.431972789115648,5572.0,low,0,1,1,0
116,1,119.0,plymouth,two,hatchback,fwd,front,93.7,157.3,63.8,50.8,2128,ohc,four,98,spdi,3.03,3.39,7.6,102.0,5500.0,10.204081632653061,12.755102040816327,7957.0,low,0,1,0,1
117,1,154.0,plymouth,four,hatchback,fwd,front,93.7,157.3,63.8,50.6,1967,ohc,four,90,2bbl,2.97,3.23,9.4,68.0,5500.0,13.180272108843537,16.156462585034014,6229.0,low,0,1,1,0
118,1,154.0,plymouth,four,sedan,fwd,front,93.7,167.3,63.8,50.8,1989,ohc,four,90,2bbl,2.97,3.23,9.4,68.0,5500.0,13.180272108843537,16.156462585034014,6692.0,low,0,1,1,0
119,1,154.0,plymouth,four,sedan,fwd,front,93.7,167.3,63.8,50.8,2191,ohc,four,98,2bbl,2.97,3.23,9.4,68.0,5500.0,13.180272108843537,16.156462585034014,7609.0,low,0,1,1,0
120,-1,74.0,plymouth,four,wagon,fwd,front,103.3,174.6,64.6,59.8,2535,ohc,four,122,2bbl,3.35,3.46,8.5,88.0,5000.0,10.204081632653061,12.755102040816327,8921.0,low,0,1,1,0
121,3,122.0,plymouth,two,hatchback,rwd,front,95.9,173.2,66.3,50.2,2818,ohc,four,156,spdi,3.59,3.86,7.0,145.0,5000.0,8.078231292517007,10.204081632653061,12764.0,medium,0,1,0,1
122,3,186.0,porsche,two,hatchback,rwd,front,94.5,168.9,68.3,50.2,2778,ohc,four,151,mpfi,3.94,3.11,9.5,143.0,5500.0,8.078231292517007,11.479591836734695,22018.0,medium,0,1,1,0
123,3,122.0,porsche,two,hardtop,rwd,rear,89.5,168.9,65.0,51.6,2756,ohcf,six,194,mpfi,3.74,2.9,9.5,207.0,5900.0,7.227891156462586,10.629251700680273,32528.0,high,0,1,1,0
124,3,122.0,porsche,two,hardtop,rwd,rear,89.5,168.9,65.0,51.6,2756,ohcf,six,194,mpfi,3.74,2.9,9.5,207.0,5900.0,7.227891156462586,10.629251700680273,34028.0,high,0,1,1,0
125,3,122.0,porsche,two,convertible,rwd,rear,89.5,168.9,65.0,51.6,2800,ohcf,six,194,mpfi,3.74,2.9,9.5,207.0,5900.0,7.227891156462586,10.629251700680273,37028.0,high,0,1,1,0
126,0,122.0,renault,four,wagon,fwd,front,96.1,181.5,66.5,55.2,2579,ohc,four,132,mpfi,3.46,3.9,8.7,104.25615763546799,5125.369458128079,9.77891156462585,13.180272108843537,9295.0,low,0,1,1,0
127,2,122.0,renault,two,hatchback,fwd,front,96.1,176.8,66.6,50.5,2460,ohc,four,132,mpfi,3.46,3.9,8.7,104.25615763546799,5125.369458128079,9.77891156462585,13.180272108843537,9895.0,low,0,1,1,0
128,3,150.0,saab,two,hatchback,fwd,front,99.1,186.6,66.5,56.1,2658,ohc,four,121,mpfi,3.54,3.07,9.31,110.0,5250.0,8.928571428571429,11.904761904761905,11850.0,low,0,1,1,0
129,2,104.0,saab,four,sedan,fwd,front,99.1,186.6,66.5,56.1,2695,ohc,four,121,mpfi,3.54,3.07,9.3,110.0,5250.0,8.928571428571429,11.904761904761905,12170.0,low,0,1,1,0
130,3,150.0,saab,two,hatchback,fwd,front,99.1,186.6,66.5,56.1,2707,ohc,four,121,mpfi,2.54,2.07,9.3,110.0,5250.0,8.928571428571429,11.904761904761905,15040.0,low,0,1,1,0
131,2,104.0,saab,four,sedan,fwd,front,99.1,186.6,66.5,56.1,2758,ohc,four,121,mpfi,3.54,3.07,9.3,110.0,5250.0,8.928571428571429,11.904761904761905,15510.0,low,0,1,1,0
132,3,150.0,saab,two,hatchback,fwd,front,99.1,186.6,66.5,56.1,2808,dohc,four,121,mpfi,3.54,3.07,9.0,160.0,5500.0,8.078231292517007,11.054421768707483,18150.0,medium,0,1,0,1
133,2,104.0,saab,four,sedan,fwd,front,99.1,186.6,66.5,56.1,2847,dohc,four,121,mpfi,3.54,3.07,9.0,160.0,5500.0,8.078231292517007,11.054421768707483,18620.0,medium,0,1,0,1
134,2,83.0,subaru,two,hatchback,fwd,front,93.7,156.9,63.4,53.7,2050,ohcf,four,97,2bbl,3.62,2.36,9.0,69.0,4900.0,13.180272108843537,15.306122448979593,5118.0,low,0,1,1,0
135,2,83.0,subaru,two,hatchback,fwd,front,93.7,157.9,63.6,53.7,2120,ohcf,four,108,2bbl,3.62,2.64,8.7,73.0,4400.0,11.054421768707483,13.180272108843537,7053.0,low,0,1,1,0
136,2,83.0,subaru,two,hatchback,4wd,front,93.3,157.3,63.8,55.7,2240,ohcf,four,108,2bbl,3.62,2.64,8.7,73.0,4400.0,11.054421768707483,13.180272108843537,7603.0,low,0,1,1,0
137,0,102.0,subaru,four,sedan,fwd,front,97.2,172.0,65.4,52.5,2145,ohcf,four,108,2bbl,3.62,2.64,9.5,82.0,4800.0,13.60544217687075,15.731292517006803,7126.0,low,0,1,1,0
138,0,102.0,subaru,four,sedan,fwd,front,97.2,172.0,65.4,52.5,2190,ohcf,four,108,2bbl,3.62,2.64,9.5,82.0,4400.0,11.904761904761905,14.03061224489796,7775.0,low,0,1,1,0
139,0,102.0,subaru,four,sedan,fwd,front,97.2,172.0,65.4,52.5,2340,ohcf,four,108,mpfi,3.62,2.64,9.0,94.0,5200.0,11.054421768707483,13.60544217687075,9960.0,low,0,1,1,0
140,0,102.0,subaru,four,sedan,4wd,front,97.0,172.0,65.4,54.3,2385,ohcf,four,108,2bbl,3.62,2.64,9.0,82.0,4800.0,10.204081632653061,10.629251700680273,9233.0,low,0,1,1,0
141,0,102.0,subaru,four,sedan,4wd,front,97.0,172.0,65.4,54.3,2510,ohcf,four,108,mpfi,3.62,2.64,7.7,111.0,4800.0,10.204081632653061,12.329931972789117,11259.0,low,0,1,0,1
142,0,89.0,subaru,four,wagon,fwd,front,97.0,173.5,65.4,53.0,2290,ohcf,four,108,2bbl,3.62,2.64,9.0,82.0,4800.0,11.904761904761905,13.60544217687075,7463.0,low,0,1,1,0
143,0,89.0,subaru,four,wagon,fwd,front,97.0,173.5,65.4,53.0,2455,ohcf,four,108,mpfi,3.62,2.64,9.0,94.0,5200.0,10.629251700680273,13.180272108843537,10198.0,low,0,1,1,0
144,0,85.0,subaru,four,wagon,4wd,front,96.9,173.6,65.4,54.9,2420,ohcf,four,108,2bbl,3.62,2.64,9.0,82.0,4800.0,9.77891156462585,12.329931972789117,8013.0,low,0,1,1,0
145,0,85.0,subaru,four,wagon,4wd,front,96.9,173.6,65.4,54.9,2650,ohcf,four,108,mpfi,3.62,2.64,7.7,111.0,4800.0,9.77891156462585,9.77891156462585,11694.0,low,0,1,0,1
146,1,87.0,toyota,two,hatchback,fwd,front,95.7,158.7,63.6,54.5,1985,ohc,four,92,2bbl,3.05,3.03,9.0,62.0,4800.0,14.880952380952381,16.581632653061224,5348.0,low,0,1,1,0
147,1,87.0,toyota,two,hatchback,fwd,front,95.7,158.7,63.6,54.5,2040,ohc,four,92,2bbl,3.05,3.03,9.0,62.0,4800.0,13.180272108843537,16.156462585034014,6338.0,low,0,1,1,0
148,1,74.0,toyota,four,hatchback,fwd,front,95.7,158.7,63.6,54.5,2015,ohc,four,92,2bbl,3.05,3.03,9.0,62.0,4800.0,13.180272108843537,16.156462585034014,6488.0,low,0,1,1,0
149,0,77.0,toyota,four,wagon,fwd,front,95.7,169.7,63.6,59.1,2280,ohc,four,92,2bbl,3.05,3.03,9.0,62.0,4800.0,13.180272108843537,15.731292517006803,6918.0,low,0,1,1,0
150,0,81.0,toyota,four,wagon,4wd,front,95.7,169.7,63.6,59.1,2290,ohc,four,92,2bbl,3.05,3.03,9.0,62.0,4800.0,11.479591836734695,13.60544217687075,7898.0,low,0,1,1,0
151,0,91.0,toyota,four,wagon,4wd,front,95.7,169.7,63.6,59.1,3110,ohc,four,92,2bbl,3.05,3.03,9.0,62.0,4800.0,11.479591836734695,13.60544217687075,8778.0,low,0,1,1,0
152,0,91.0,toyota,four,sedan,fwd,front,95.7,166.3,64.4,53.0,2081,ohc,four,98,2bbl,3.19,3.03,9.0,70.0,4800.0,12.755102040816327,15.731292517006803,6938.0,low,0,1,1,0
153,0,91.0,toyota,four,hatchback,fwd,front,95.7,166.3,64.4,52.8,2109,ohc,four,98,2bbl,3.19,3.03,9.0,70.0,4800.0,12.755102040816327,15.731292517006803,7198.0,low,0,1,1,0
154,0,91.0,toyota,four,sedan,fwd,front,95.7,166.3,64.4,53.0,2275,ohc,four,110,idi,3.27,3.35,22.5,56.0,4500.0,14.455782312925171,15.306122448979593,7898.0,low,1,0,1,0
155,0,91.0,toyota,four,hatchback,fwd,front,95.7,166.3,64.4,52.8,2275,ohc,four,110,idi,3.27,3.35,22.5,56.0,4500.0,16.156462585034014,19.982993197278912,7788.0,low,1,0,1,0
156,0,91.0,toyota,four,sedan,fwd,front,95.7,166.3,64.4,53.0,2094,ohc,four,98,2bbl,3.19,3.03,9.0,70.0,4800.0,16.156462585034014,19.982993197278912,7738.0,low,0,1,1,0
157,0,91.0,toyota,four,hatchback,fwd,front,95.7,166.3,64.4,52.8,2122,ohc,four,98,2bbl,3.19,3.03,9.0,70.0,4800.0,11.904761904761905,14.455782312925171,8358.0,low,0,1,1,0
158,0,91.0,toyota,four,sedan,fwd,front,95.7,166.3,64.4,52.8,2140,ohc,four,98,2bbl,3.19,3.03,9.0,70.0,4800.0,11.904761904761905,14.455782312925171,9258.0,low,0,1,1,0
159,1,168.0,toyota,two,sedan,rwd,front,94.5,168.7,64.0,52.6,2169,ohc,four,98,2bbl,3.19,3.03,9.0,70.0,4800.0,12.329931972789117,14.455782312925171,8058.0,low,0,1,1,0
160,1,168.0,toyota,two,hatchback,rwd,front,94.5,168.7,64.0,52.6,2204,ohc,four,98,2bbl,3.19,3.03,9.0,70.0,4800.0,12.329931972789117,14.455782312925171,8238.0,low,0,1,1,0
161,1,168.0,toyota,two,sedan,rwd,front,94.5,168.7,64.0,52.6,2265,dohc,four,98,mpfi,3.24,3.08,9.4,112.0,6600.0,11.054421768707483,12.329931972789117,9298.0,low,0,1,1,0
162,1,168.0,toyota,two,hatchback,rwd,front,94.5,168.7,64.0,52.6,2300,dohc,four,98,mpfi,3.24,3.08,9.4,112.0,6600.0,11.054421768707483,12.329931972789117,9538.0,low,0,1,1,0
163,2,134.0,toyota,two,hardtop,rwd,front,98.4,176.2,65.6,52.0,2540,ohc,four,146,mpfi,3.62,3.5,9.3,116.0,4800.0,10.204081632653061,12.755102040816327,8449.0,low,0,1,1,0
164,2,134.0,toyota,two,hardtop,rwd,front,98.4,176.2,65.6,52.0,2536,ohc,four,146,mpfi,3.62,3.5,9.3,116.0,4800.0,10.204081632653061,12.755102040816327,9639.0,low,0,1,1,0
165,2,134.0,toyota,two,hatchback,rwd,front,98.4,176.2,65.6,52.0,2551,ohc,four,146,mpfi,3.62,3.5,9.3,116.0,4800.0,10.204081632653061,12.755102040816327,9989.0,low,0,1,1,0
166,2,134.0,toyota,two,hardtop,rwd,front,98.4,176.2,65.6,52.0,2679,ohc,four,146,mpfi,3.62,3.5,9.3,116.0,4800.0,10.204081632653061,12.755102040816327,11199.0,low,0,1,1,0
167,2,134.0,toyota,two,hatchback,rwd,front,98.4,176.2,65.6,52.0,2714,ohc,four,146,mpfi,3.62,3.5,9.3,116.0,4800.0,10.204081632653061,12.755102040816327,11549.0,low,0,1,1,0
168,2,134.0,toyota,two,convertible,rwd,front,98.4,176.2,65.6,53.0,2975,ohc,four,146,mpfi,3.62,3.5,9.3,116.0,4800.0,10.204081632653061,12.755102040816327,17669.0,low,0,1,1,0
169,-1,65.0,toyota,four,sedan,fwd,front,102.4,175.6,66.5,54.9,2326,ohc,four,122,mpfi,3.31,3.54,8.7,92.0,4200.0,12.329931972789117,14.455782312925171,8948.0,low,0,1,1,0
170,-1,65.0,toyota,four,sedan,fwd,front,102.4,175.6,66.5,54.9,2480,ohc,four,110,idi,3.27,3.35,22.5,73.0,4500.0,12.755102040816327,14.03061224489796,10698.0,low,1,0,0,1
171,-1,65.0,toyota,four,hatchback,fwd,front,102.4,175.6,66.5,53.9,2414,ohc,four,122,mpfi,3.31,3.54,8.7,92.0,4200.0,11.479591836734695,13.60544217687075,9988.0,low,0,1,1,0
172,-1,65.0,toyota,four,sedan,fwd,front,102.4,175.6,66.5,54.9,2414,ohc,four,122,mpfi,3.31,3.54,8.7,92.0,4200.0,11.479591836734695,13.60544217687075,10898.0,low,0,1,1,0
173,-1,65.0,toyota,four,hatchback,fwd,front,102.4,175.6,66.5,53.9,2458,ohc,four,122,mpfi,3.31,3.54,8.7,92.0,4200.0,11.479591836734695,13.60544217687075,11248.0,low,0,1,1,0
174,3,197.0,toyota,two,hatchback,rwd,front,102.9,183.5,67.7,52.0,2976,dohc,six,171,mpfi,3.27,3.35,9.3,161.0,5200.0,8.503401360544219,10.204081632653061,16558.0,medium,0,1,1,0
175,3,197.0,toyota,two,hatchback,rwd,front,102.9,183.5,67.7,52.0,3016,dohc,six,171,mpfi,3.27,3.35,9.3,161.0,5200.0,8.078231292517007,10.204081632653061,15998.0,medium,0,1,1,0
176,-1,90.0,toyota,four,sedan,rwd,front,104.5,187.8,66.5,54.1,3131,dohc,six,171,mpfi,3.27,3.35,9.2,156.0,5200.0,8.503401360544219,10.204081632653061,15690.0,medium,0,1,1,0
177,-1,122.0,toyota,four,wagon,rwd,front,104.5,187.8,66.5,54.1,3151,dohc,six,161,mpfi,3.27,3.35,9.2,156.0,5200.0,8.078231292517007,10.204081632653061,15750.0,medium,0,1,1,0
178,2,122.0,volkswagen,two,sedan,fwd,front,97.3,171.7,65.5,55.7,2261,ohc,four,97,idi,3.01,3.4,23.0,52.0,4800.0,15.731292517006803,19.5578231292517,7775.0,low,1,0,1,0
179,2,122.0,volkswagen,two,sedan,fwd,front,97.3,171.7,65.5,55.7,2209,ohc,four,109,mpfi,3.19,3.4,9.0,85.0,5250.0,11.479591836734695,14.455782312925171,7975.0,low,0,1,1,0
180,2,94.0,volkswagen,four,sedan,fwd,front,97.3,171.7,65.5,55.7,2264,ohc,four,97,idi,3.01,3.4,23.0,52.0,4800.0,15.731292517006803,19.5578231292517,7995.0,low,1,0,1,0
181,2,94.0,volkswagen,four,sedan,fwd,front,97.3,171.7,65.5,55.7,2212,ohc,four,109,mpfi,3.19,3.4,9.0,85.0,5250.0,11.479591836734695,14.455782312925171,8195.0,low,0,1,1,0
182,2,94.0,volkswagen,four,sedan,fwd,front,97.3,171.7,65.5,55.7,2275,ohc,four,109,mpfi,3.19,3.4,9.0,85.0,5250.0,11.479591836734695,14.455782312925171,8495.0,low,0,1,1,0
183,2,94.0,volkswagen,four,sedan,fwd,front,97.3,171.7,65.5,55.7,2319,ohc,four,97,idi,3.01,3.4,23.0,68.0,4500.0,15.731292517006803,17.857142857142858,9495.0,low,1,0,0,1
184,2,94.0,volkswagen,four,sedan,fwd,front,97.3,171.7,65.5,55.7,2300,ohc,four,109,mpfi,3.19,3.4,10.0,100.0,5500.0,11.054421768707483,13.60544217687075,9995.0,low,0,1,1,0
185,3,122.0,volkswagen,two,convertible,fwd,front,94.5,159.3,64.2,55.6,2254,ohc,four,109,mpfi,3.19,3.4,8.5,90.0,5500.0,10.204081632653061,12.329931972789117,11595.0,low,0,1,1,0
186,3,256.0,volkswagen,two,hatchback,fwd,front,94.5,165.7,64.0,51.4,2221,ohc,four,109,mpfi,3.19,3.4,8.5,90.0,5500.0,10.204081632653061,12.329931972789117,9980.0,low,0,1,1,0
187,0,122.0,volkswagen,four,sedan,fwd,front,100.4,180.2,66.9,55.1,2661,ohc,five,136,mpfi,3.19,3.4,8.5,110.0,5500.0,8.078231292517007,10.204081632653061,13295.0,low,0,1,1,0
188,0,122.0,volkswagen,four,sedan,fwd,front,100.4,180.2,66.9,55.1,2579,ohc,four,97,idi,3.01,3.4,23.0,68.0,4500.0,14.03061224489796,16.156462585034014,13845.0,low,1,0,0,1
189,0,122.0,volkswagen,four,wagon,fwd,front,100.4,183.1,66.9,55.1,2563,ohc,four,109,mpfi,3.19,3.4,9.0,88.0,5500.0,10.629251700680273,13.180272108843537,12290.0,low,0,1,1,0
190,-2,103.0,volvo,four,sedan,rwd,front,104.3,188.8,67.2,56.2,2912,ohc,four,141,mpfi,3.78,3.15,9.5,114.0,5400.0,9.77891156462585,11.904761904761905,12940.0,low,0,1,1,0
191,-1,74.0,volvo,four,wagon,rwd,front,104.3,188.8,67.2,57.5,3034,ohc,four,141,mpfi,3.78,3.15,9.5,114.0,5400.0,9.77891156462585,11.904761904761905,13415.0,low,0,1,1,0
192,-2,103.0,volvo,four,sedan,rwd,front,104.3,188.8,67.2,56.2,2935,ohc,four,141,mpfi,3.78,3.15,9.5,114.0,5400.0,10.204081632653061,11.904761904761905,15985.0,low,0,1,1,0
193,-1,74.0,volvo,four,wagon,rwd,front,104.3,188.8,67.2,57.5,3042,ohc,four,141,mpfi,3.78,3.15,9.5,114.0,5400.0,10.204081632653061,11.904761904761905,16515.0,low,0,1,1,0
194,-2,103.0,volvo,four,sedan,rwd,front,104.3,188.8,67.2,56.2,3045,ohc,four,130,mpfi,3.62,3.15,7.5,162.0,5100.0,7.227891156462586,9.35374149659864,18420.0,medium,0,1,0,1
195,-1,74.0,volvo,four,wagon,rwd,front,104.3,188.8,67.2,57.5,3157,ohc,four,130,mpfi,3.62,3.15,7.5,162.0,5100.0,7.227891156462586,9.35374149659864,18950.0,medium,0,1,0,1
196,-1,95.0,volvo,four,sedan,rwd,front,109.1,188.8,68.9,55.5,2952,ohc,four,141,mpfi,3.78,3.15,9.5,114.0,5400.0,9.77891156462585,11.904761904761905,16845.0,low,0,1,1,0
197,-1,95.0,volvo,four,sedan,rwd,front,109.1,188.8,68.8,55.5,3049,ohc,four,141,mpfi,3.78,3.15,8.7,160.0,5300.0,8.078231292517007,10.629251700680273,19045.0,medium,0,1,0,1
198,-1,95.0,volvo,four,sedan,rwd,front,109.1,188.8,68.9,55.5,3012,ohcv,six,173,mpfi,3.58,2.87,8.8,134.0,5500.0,7.653061224489797,9.77891156462585,21485.0,medium,0,1,1,0
199,-1,95.0,volvo,four,sedan,rwd,front,109.1,188.8,68.9,55.5,3217,ohc,six,145,idi,3.01,3.4,23.0,106.0,4800.0,11.054421768707483,11.479591836734695,22470.0,low,1,0,0,1
200,-1,95.0,volvo,four,sedan,rwd,front,109.1,188.8,68.9,55.5,3062,ohc,four,141,mpfi,3.78,3.15,9.5,114.0,5400.0,8.078231292517007,10.629251700680273,22625.0,low,0,1,0,1
